,word,commonality
0,абака,39
1,аббат,1
2,абвер,0
3,абзац,1
4,аборт,15
5,абрек,0
6,абрис,0
7,абхаз,0
8,абцуг,0
9,абшид,0
10,аванс,3
11,авгит,0
12,авгур,0
13,авеню,9
14,авизо,1
15,авось,2
16,аврал,1
17,автол,0
18,автор,451
19,агава,3
20,агама,1
21,агами,66
22,агент,47
23,агнат,1
24,агнец,0
25,аграф,1
26,адепт,1
27,адрес,423
28,адряс,0
29,ажгон,0
30,азарт,1
31,азиат,0
32,айван,2
33,аймак,0
34,айран,5
35,айсор,0
36,акажу,0
37,акант,0
38,акрил,0
39,аксон,1
40,актёр,13
41,актив,26
42,акула,38
43,акциз,3
44,акция,449
45,аларм,0
46,алеут,0
47,алиби,1
48,алкаш,0
49,аллея,10
50,аллюр,0
51,алмаз,7
52,алтей,0
53,алтын,2
54,алчба,0
55,алыча,0
56,альфа,6
57,амбар,1
58,амбра,0
59,амбре,0
60,амвон,0
61,амёба,0
62,аминь,1
63,ампер,4
64,ампир,2
65,ангар,8
66,ангел,13
67,анион,0
68,анкер,24
69,анонс,11
70,антик,4
71,антре,0
72,анчар,0
73,аншеф,0
74,аорта,0
75,апорт,10
76,апрош,0
77,арбуз,34
78,аргон,1
79,аргус,0
80,ареал,4
81,арека,5
82,арена,10
83,арест,227
84,ариец,0
85,аркан,2
86,армия,381
87,армяк,0
88,архар,5
89,архив,33
90,аршин,6
91,аскер,4
92,аскет,1
93,аспид,0
94,астат,0
95,астма,14
96,астра,2
97,асцит,0
98,атака,68
99,атлас,0
100,атлет,3
101,атолл,0
102,аттик,0
103,афера,6
104,афиша,3
105,ацтек,0
106,аэроб,0
107,аэрон,0
108,бабка,0
109,бабьё,0
110,багаж,28
111,багги,0
112,багет,0
113,багор,0
114,бадан,0
115,бадья,0
116,базар,1
117,базис,3
118,байга,0
119,байда,0
120,байка,2
121,бакан,4
122,бакен,0
123,бакун,0
124,балда,0
125,балет,39
126,балка,8
127,балок,4
128,балык,0
129,банан,4
130,банда,11
131,банка,825
132,барак,39
133,баран,5
134,бареж,0
135,баржа,4
136,барий,0
137,барин,0
138,барит,1
139,барич,0
140,барка,1
141,бармы,0
142,барон,6
143,барыш,0
144,баска,1
145,басма,0
146,баснь,0
147,басня,0
148,басок,0
149,басон,0
150,батат,2
151,батог,0
152,батон,1
153,батут,2
154,батыр,7
155,бахта,0
156,бахча,0
157,бачок,1
158,башка,9
159,башня,12
160,бегун,2
161,бедро,4
162,безик,0
163,бейка,0
164,бекар,0
165,бекас,1
166,бекон,0
167,белёк,0
168,белец,0
169,белка,54
170,белок,32
171,бельё,0
172,беляк,0
173,беляш,0
174,бёрдо,0
175,берег,106
176,берет,109
177,бетон,10
178,бивак,0
179,бидон,0
180,бизон,0
181,билет,98
182,билль,3
183,бином,5
184,биржа,29
185,бирка,3
186,бирюк,0
187,бирюч,0
188,бисер,0
189,битва,27
190,биток,0
191,битум,1
192,битьё,0
193,битюг,0
194,благо,38
195,блажь,2
196,бланк,5
197,блато,0
198,блеск,3
199,близь,0
200,блинт,0
201,блоха,0
202,блуза,0
203,блюдо,29
204,бляха,0
205,бобёр,0
206,бобик,0
207,бобок,0
208,богач,2
209,бодяк,0
210,божба,0
211,божок,0
212,бойня,2
213,бокал,19
214,болид,1
215,бомба,18
216,бонза,0
217,бонмо,0
218,бонна,1
219,бордо,5
220,борей,2
221,борец,5
222,боров,1114
223,борок,10
224,борть,0
225,босяк,0
226,ботва,0
227,ботик,0
228,бочаг,0
229,бочар,0
230,бочка,7
231,бочок,0
232,браво,8
233,брага,0
234,брада,0
235,брань,7
236,брасс,0
237,бремя,13
238,брешь,3
239,бридж,11
240,брика,22
241,бриль,1
242,бритт,0
243,бровь,3
244,бронх,0
245,броня,3
246,брошь,0
247,брыжи,0
248,брыла,0
249,брюки,10
250,брюхо,3
251,бубен,0
252,бубна,1
253,бубон,0
254,бугай,1
255,бугор,1
256,будка,2
257,будра,0
258,будяк,0
259,букан,0
260,буква,6
261,букет,17
262,букле,0
263,букля,0
264,букса,0
265,булат,5
266,булга,0
267,булка,0
268,булла,3
269,бурав,0
270,бурак,2
271,буран,0
272,бурат,0
273,бурда,0
274,бурка,0
275,бурса,0
276,бурун,0
277,бурят,0
278,бутан,1
279,бутон,0
280,бутса,0
281,бутуз,0
282,буфер,3
283,буфет,0
284,бухта,5
285,быдло,11
286,былка,0
287,былое,1
288,быльё,0
289,бытие,124
290,бытьё,0
291,бычок,1
292,бювар,0
293,бювет,0
294,бюкса,0
295,вабик,0
296,вагон,16
297,вазон,0
298,вакса,0
299,валах,10
300,валеж,0
301,валёк,0
302,валёр,0
303,валет,1
304,валец,0
305,валик,1
306,валка,10
307,валок,7
308,валуй,0
309,валун,0
310,валух,0
311,вальс,6
312,ванна,2
313,ванта,2
314,варан,2
315,варка,3
316,варок,1
317,варяг,1
318,ватин,0
319,ватка,37
320,вафля,0
321,вахта,1
322,вдова,19
323,ведро,12
324,вёдро,0
325,ведун,0
326,вежда,0
327,векша,0
328,велюр,0
329,венгр,1
330,венец,6
331,веник,0
332,венок,13
333,вепрь,0
334,верба,0
335,вервь,0
336,веред,0
337,верес,0
338,верея,0
339,верки,428
340,верфь,10
341,верша,0
342,весло,2
343,весна,38
344,весок,4
345,весть,35
346,ветвь,6
347,ветер,78
348,ветка,23
349,ветла,0
350,вечер,150
351,вешка,0
352,вещун,0
353,взбег,0
354,взвар,2
355,взвод,3
356,вздор,0
357,вздох,4
358,взлёт,0
359,взлом,19
360,взмах,1
361,взмёт,0
362,взмыв,0
363,взнос,13
364,взрез,0
365,взрыв,233
366,взрыд,0
367,взыск,0
368,видео,1822
369,видик,0
370,видок,0
371,визаж,0
372,визир,0
373,визит,121
374,вилка,4
375,вилла,12
376,вилок,0
377,винцо,0
378,виола,3
379,вираж,0
380,вирус,6010
381,вирша,0
382,виски,20
383,висок,0
384,вития,1145
385,виток,15
386,витьё,0
387,вихор,0
388,вихрь,8
389,вишня,4
390,вклад,216
391,влага,6
392,власы,0
393,внука,23
394,вобла,0
395,вогул,0
396,водка,40
397,вожак,0
398,вождь,4
399,вожжа,0
400,возик,0
401,возка,21
402,возня,0
403,возок,99
404,война,197
405,вокал,3
406,волан,0
407,волга,4
408,волна,236
409,волок,1
410,волос,46
411,волхв,0
412,вольт,3
413,вопль,0
414,ворог,6
415,ворон,1
416,ворот,86
417,ворох,1
418,ворьё,0
419,вотум,2
420,вотяк,0
421,вошка,0
422,вояка,0
423,впуск,0
424,враки,0
425,враль,43
426,врата,65
427,время,8202
428,вруша,0
429,вспых,0
430,всход,0
431,втора,148
432,вуаль,0
433,вчера,139
434,въезд,332
435,выбой,0
436,выбор,199
437,вывал,13
438,вывес,0
439,вывих,1
440,вывод,182
441,вывоз,46
442,выгар,0
443,выгиб,0
444,выгон,0
445,выгул,10
446,выдел,0
447,выдох,3
448,выдра,0
449,выдув,0
450,выезд,77
451,выжиг,0
452,выжим,0
453,вызов,117
454,выкат,0
455,выкол,0
456,выкос,0
457,выкуп,33
458,выкус,0
459,вылаз,0
460,вылет,55
461,вылов,7
462,вылом,0
463,вымах,0
464,вымор,0
465,вынос,49
466,выпад,1
467,выпал,13
468,выпар,0
469,выпас,0
470,выпор,0
471,выпот,0
472,вырез,0
473,выруб,0
474,высев,0
475,вытьё,0
476,выход,361
477,вычет,16
478,вышка,4
479,вьюга,0
480,вязка,8
481,вязок,11
482,вятич,0
483,вятка,0
484,гавот,0
485,гагат,0
486,газик,0
487,газок,0
488,газон,6
489,гайка,0
490,галка,2
491,галоп,0
492,галун,0
493,гамак,2
494,гамма,1
495,ганец,2
496,ганза,0
497,ганка,1
498,гараж,16
499,гарда,8
500,гарем,1
501,гарус,0
502,гаусс,0
503,гашиш,3
504,гвалт,1
505,гейша,0
506,гелий,4
507,гемма,0
508,гений,423
509,герма,0
510,герой,157
511,гетра,0
512,гетто,42
513,гжель,0
514,гибка,0
515,гидра,1
516,гиена,9
517,гиляк,0
518,гинея,0
519,гипюр,0
520,гирло,0
521,гитан,0
522,гитов,0
523,гичка,0
524,глава,3586
525,главк,32
526,гладь,1
527,глина,2
528,глист,3
529,глубь,25
530,глушь,2
531,глыба,1
532,глясе,0
533,гнейс,0
534,гнида,1
535,гниль,0
536,гнома,1
537,гнусь,0
538,гобой,0
539,говор,811
540,гогот,0
541,годик,0
542,годок,0
543,голец,0
544,голик,6
545,голод,18
546,голос,160
547,голыш,0
548,гольд,3
549,гольё,0
550,гольф,4
551,голяк,0
552,гомон,0
553,гонец,0
554,гонка,13
555,гонор,0
556,гопак,0
557,горец,3
558,горка,7
559,горло,27
560,горно,0
561,город,740
562,горох,9
563,горюн,0
564,гость,30
565,гофре,0
566,граве,0
567,грамм,307
568,гранд,15
569,грань,14
570,графа,80
571,гребь,0
572,грёза,0
573,грена,2
574,греча,0
575,грива,1
576,гридь,0
577,гриль,1
578,грипп,41
579,гроза,184
580,грозд,0
581,гросс,4
582,груда,0
583,грудь,53
584,грунт,17
585,груша,0
586,грыжа,0
587,гряда,1
588,грязь,17
589,гуано,0
590,гуашь,0
591,губан,1
592,губка,3
593,гугня,0
594,гудок,1
595,гужик,0
596,гузка,0
597,гузно,0
598,гуляш,0
599,гумма,1
600,гумми,0
601,гумно,0
602,гумус,0
603,гуран,0
604,гурда,14
605,гурия,0
606,гусак,1
607,гусар,1
608,гусёк,0
609,гусит,0
610,гусли,0
611,гуцул,0
612,гюрза,0
613,давка,5
614,дадан,0
615,дамба,2
616,дамка,0
617,дачка,3
618,дверь,119
619,дебет,0
620,дебил,2
621,дебит,0
622,дебош,3
623,дебри,0
624,дебют,20
625,девиз,7
626,девка,0
627,девон,2
628,дедка,0
629,дедок,0
630,дёжка,0
631,деизм,0
632,деист,0
633,декан,5
634,декор,4
635,делёж,0
636,делец,170
637,демон,3
638,демос,0
639,денди,0
640,денёк,0
641,дерби,7
642,дёрен,0
643,дерма,2
644,дерть,0
645,десна,1
646,десть,0
647,детва,0
648,детка,1
649,дефис,0
650,джига,0
651,джинн,2
652,дзета,0
653,дзюдо,2
654,диана,71
655,диван,20
656,диета,26
657,дикая,13
658,динар,2
659,динго,0
660,дичок,0
661,длань,0
662,длина,53
663,днище,3
664,добор,1
665,довод,1
666,догма,0
667,дождь,60
668,дожим,0
669,дозор,3
670,дойка,0
671,дойна,0
672,дойра,0
673,докер,0
674,домёк,0
675,домен,8
676,домер,1
677,домна,0
678,домра,0
679,донец,6
680,донка,0
681,донна,16
682,донор,3
683,донос,4
684,донце,0
685,донья,0
686,дорка,0
687,досев,0
688,доска,8
689,досол,0
690,досуг,23
691,досыл,0
692,досье,29
693,дофин,0
694,доход,183
695,дочка,19
696,дошка,0
697,драга,0
698,драже,0
699,драка,28
700,драма,35
701,дрань,0
702,древо,2
703,дрейф,1
704,дрель,1
705,дрема,0
706,дрёма,0
707,дрена,6
708,дробь,2
709,дрова,39
710,дрога,0
711,дрожь,5
712,дрозд,7
713,дрофа,0
714,друза,0
715,друид,0
716,дрянь,2
717,дубец,0
718,дубка,0
719,дубль,3
720,дубок,0
721,дубьё,0
722,дувал,1
723,дудак,0
724,дудка,0
725,дудук,0
726,дужка,0
727,дукат,0
728,думец,0
729,думка,10
730,дунец,0
731,дунит,0
732,дунст,0
733,дупло,0
734,дурак,3
735,дурка,0
736,дурра,0
737,дурро,0
738,дутар,0
739,дутик,0
740,дутыш,0
741,дутьё,0
742,духан,0
743,душка,25
744,душок,0
745,дуэль,3
746,дщерь,0
747,дылда,0
748,дымка,5
749,дымок,0
750,дырка,2
751,дышло,0
752,дюбек,0
753,дюкер,0
754,дюшес,0
755,дятел,2
756,евнух,0
757,еврей,7
758,егерь,3
759,егоза,0
760,ежиха,0
761,ездка,54
762,ездок,266
763,елина,40
764,емеля,0
765,ересь,1
766,ерник,36
767,ёрник,0
768,ёршик,0
769,есаул,0
770,ехида,0
771,жажда,2
772,жакан,0
773,жакет,0
774,жакоб,0
775,жамка,0
776,жарка,1
777,жарок,0
778,жатва,1
779,жатка,0
780,жевок,0
781,желна,2
782,жёлоб,0
783,желть,0
784,желчь,3
785,жёлчь,0
786,жених,13
787,жёнка,0
788,жеода,0
789,жердь,0
790,жерех,0
791,жерло,0
792,жесть,28
793,жетон,5
794,живец,1
795,живот,34
796,живьё,0
797,жизнь,856
798,жилет,3
799,жилец,4
800,жилка,0
801,жильё,4
802,жинка,0
803,жираф,3
804,жирок,8
805,житие,16
806,житьё,0
807,жменя,0
808,жнива,0
809,жниво,0
810,жница,21
811,жокей,0
812,жрица,0
813,жулан,0
814,жулик,0
815,жульё,0
816,жупан,0
817,жупел,0
818,журка,0
819,жучка,0
820,жучок,1
821,забег,5
822,забой,1
823,забор,24
824,завал,2
825,завет,5
826,завод,126
827,завоз,9
828,завуч,2
829,загар,15
830,загиб,0
831,загон,0
832,загул,1
833,задел,15
834,задик,0
835,задок,0
836,задор,0
837,заеда,0
838,заезд,3
839,зажим,0
840,зажин,0
841,зажор,0
842,зазор,3
843,зазыв,0
844,заика,4
845,зайка,0
846,заказ,72
847,закал,0
848,закат,4
849,закол,0
850,закон,808
851,закуп,0
852,закут,0
853,залёт,0
854,залив,24
855,зализ,0
856,залог,84
857,залом,18
858,замах,0
859,замер,1
860,замес,0
861,замёт,0
862,замок,27
863,замор,0
864,замша,0
865,занос,2
866,запад,133
867,запал,2
868,запас,73
869,запах,37
870,запев,0
871,запой,0
872,запон,0
873,запор,0
874,зарез,0
875,зарод,0
876,зарок,0
877,заряд,19
878,засев,0
879,засов,0
880,засол,0
881,засос,0
882,засыл,0
883,затёк,0
884,затёс,0
885,затея,1
886,заток,2
887,затон,0
888,затор,74
889,заумь,0
890,заход,7
891,зацеп,0
892,зачёс,0
893,зачёт,0
894,зачин,0
895,защип,0
896,звено,10
897,звень,0
898,зверь,30
899,зебра,5
900,зевок,0
901,зелье,0
902,зельц,0
903,земец,0
904,земля,159
905,зенит,1
906,зенки,0
907,зерно,10
908,зернь,0
909,зефир,0
910,зипун,0
911,злато,0
912,злоба,1
913,злюка,0
914,знамя,70
915,знать,508
916,зобик,0
917,золка,0
918,зомби,8
919,зраза,0
920,зубец,2
921,зубик,0
922,зубок,1
923,зулус,0
924,зурна,0
925,зыбка,0
926,зыбун,0
927,зятёк,0
928,зятик,0
929,иваси,0
930,ивина,1
931,ивняк,0
932,иврит,1
933,игиль,0
934,игрек,0
935,игрок,45
936,игрун,0
937,идеал,4
938,идиом,0
939,идиот,3
940,иерей,88
941,ижица,0
942,избач,0
943,извет,0
944,извив,0
945,извод,0
946,извоз,0
947,изгиб,0
948,изгой,1
949,излёт,0
950,излом,0
951,измол,0
952,измор,0
953,износ,9
954,изъян,2
955,изыск,0
956,изюбр,0
957,икона,14
958,икота,0
959,илька,0
960,ильма,433
961,имидж,15
962,инвар,0
963,ингуш,0
964,индий,0
965,индус,0
966,индюк,0
967,инжир,0
968,инока,1
969,интим,0
970,инула,83
971,иония,0
972,иприт,1
973,ирбис,0
974,ирмос,0
975,искра,6
976,искус,1
977,ислам,26
978,испод,0
979,испуг,0
980,иссоп,0
981,истец,28
982,истод,0
983,исток,46
984,исход,49
985,иудей,0
986,ишиас,0
987,кабак,0
988,кабан,5
989,кабил,0
990,кабул,3
991,кавун,0
992,кагал,0
993,каган,0
994,кагат,0
995,кагор,0
996,кадет,1
997,кадий,18
998,кадка,0
999,кадык,0
1000,казак,1
1001,казан,79
1002,казах,20
1003,казна,1
1004,казнь,38
1005,казус,3
1006,кайен,0
1007,кайла,2
1008,кайло,9
1009,кайма,0
1010,кайра,0
1011,какао,7
1012,калан,0
1013,калач,0
1014,калий,6
1015,калиф,0
1016,калла,0
1017,калым,1
1018,камас,1
1019,камея,0
1020,камин,6
1021,камка,0
1022,камса,0
1023,камус,0
1024,камча,0
1025,камыш,1
1026,канал,1232
1027,канат,3
1028,канва,0
1029,канон,9
1030,каноэ,11
1031,канун,44
1032,канюк,1
1033,капер,0
1034,капля,5
1035,капок,0
1036,капор,0
1037,капот,7
1038,каппа,0
1039,карат,2
1040,карга,0
1041,карда,8
1042,карел,0
1043,кариб,0
1044,карст,0
1045,карта,55
1046,каска,3
1047,касса,1
1048,каста,39
1049,катар,49
1050,катер,27
1051,катет,0
1052,катод,0
1053,каток,5
1054,катыш,0
1055,кацап,0
1056,качка,21
1057,кашка,2
1058,кашне,0
1059,кашпо,2
1060,кащей,0
1061,каюта,0
1062,квант,3
1063,кварк,0
1064,кварц,0
1065,квота,12
1066,кегль,0
1067,кегля,0
1068,кекур,0
1069,кельт,0
1070,келья,1
1071,кенар,0
1072,кенаф,0
1073,кепка,1
1074,кефир,5
1075,кивер,0
1076,кивок,0
1077,кизил,0
1078,кизяк,0
1079,кинза,0
1080,киник,0
1081,киоск,6
1082,кипер,9
1083,кирза,0
1084,кирка,2
1085,кирха,0
1086,кисет,0
1087,кисея,0
1088,киска,0
1089,киста,4
1090,кисть,8
1091,кифоз,0
1092,кичка,0
1093,кишка,1
1094,кладь,2
1095,клака,0
1096,класс,82
1097,клёкт,0
1098,клерк,3
1099,клёст,0
1100,клеть,0
1101,клика,4
1102,клико,0
1103,клипс,1
1104,клише,6
1105,клоун,2
1106,клуня,0
1107,клупп,0
1108,клуша,0
1109,клюка,0
1110,кляча,0
1111,кнель,0
1112,кнехт,0
1113,книга,118
1114,кникс,0
1115,кница,6
1116,князь,44
1117,коала,0
1118,кобза,0
1119,кобра,3
1120,кобыз,0
1121,ковач,1
1122,ковёр,0
1123,ковка,68
1124,кожан,7
1125,кожух,1
1126,кожьё,0
1127,козёл,0
1128,кознь,0
1129,козон,0
1130,койка,2
1131,койне,0
1132,койот,2
1133,кокет,0
1134,кокон,2
1135,кокор,0
1136,кокос,0
1137,колба,1
1138,колер,0
1139,колет,2
1140,колея,1
1141,колик,1
1142,колит,1
1143,колка,0
1144,колли,15
1145,колоб,0
1146,колок,7
1147,колон,7
1148,колос,1
1149,колун,0
1150,колча,0
1151,колье,6
1152,кольт,0
1153,комар,2
1154,комик,34
1155,комми,0
1156,комод,5
1157,комок,1
1158,конёк,0
1159,конец,379
1160,коник,0
1161,конка,0
1162,конус,2
1163,конюх,0
1164,копал,10
1165,копач,1
1166,копёр,0
1167,копир,0
1168,копия,93
1169,копка,1
1170,копна,0
1171,копра,0
1172,копун,0
1173,копыл,1
1174,копьё,0
1175,корда,21
1176,кореш,0
1177,корка,3
1178,короб,0
1179,корча,0
1180,корчь,0
1181,корьё,0
1182,коряк,1
1183,косач,0
1184,косая,0
1185,косец,0
1186,космы,0
1187,косок,0
1188,кость,195
1189,косьё,0
1190,косяк,1
1191,котёл,0
1192,котик,16
1193,коток,0
1194,кофей,1
1195,кофий,0
1196,кофта,0
1197,кочан,6
1198,кочет,0
1199,кочка,1
1200,кошка,45
1201,кошма,0
1202,кощей,0
1203,крага,0
1204,кража,15
1205,краля,0
1206,крапп,0
1207,краса,8
1208,кредо,1
1209,креол,0
1210,крепь,0
1211,кресс,0
1212,крест,29
1213,криль,1
1214,крица,0
1215,кроат,0
1216,кровь,95
1217,кроки,0
1218,кроль,0
1219,крона,37
1220,кросс,8
1221,кроха,0
1222,кроше,0
1223,круиз,0
1224,крупа,14
1225,круть,0
1226,круча,0
1227,кручь,0
1228,крыло,81
1229,крыса,10
1230,крыша,17
1231,кубик,3
1232,кубло,0
1233,кубок,39
1234,кудлы,0
1235,кудри,1
1236,кузен,0
1237,кузня,0
1238,кузов,5
1239,кукан,0
1240,кукиш,0
1241,кукла,8
1242,кукша,1
1243,кулак,8
1244,кулан,0
1245,кулёк,0
1246,кулеш,0
1247,кулик,0
1248,кулич,12
1249,кулон,2
1250,культ,24
1251,кумач,0
1252,кумжа,0
1253,кумир,2
1254,кумык,0
1255,кумыс,0
1256,кунак,0
1257,купаж,0
1258,купец,5
1259,купля,0
1260,купол,7
1261,купон,2
1262,кураж,2
1263,курай,0
1264,курец,0
1265,курия,1
1266,курка,1
1267,курок,7
1268,курья,0
1269,кусок,48
1270,кутас,0
1271,кутёж,0
1272,куток,0
1273,кутум,0
1274,кутья,1
1275,кухва,0
1276,кухня,17
1277,кухта,0
1278,кучер,0
1279,кучка,1
1280,кушак,0
1281,кхмер,0
1282,кювет,13
1283,кюрий,0
1284,кюрин,0
1285,лабаз,0
1286,лабет,0
1287,лаваш,4
1288,лавка,111
1289,лавра,6
1290,лагун,0
1291,ладан,7
1292,ладья,1
1293,лазер,5
1294,лазея,0
1295,лазка,2
1296,лазок,3
1297,лайба,0
1298,лайда,0
1299,лайка,1
1300,лакей,0
1301,лампа,6
1302,ламут,0
1303,ландо,26
1304,ланды,43
1305,ланка,19
1306,лапка,0
1307,лапта,0
1308,лапша,1
1309,ларго,1
1310,ларёк,0
1311,ларец,2
1312,ласка,2
1313,лассо,2
1314,латка,9
1315,латук,1
1316,латыш,0
1317,лафет,0
1318,лафит,0
1319,лачка,0
1320,лбина,0
1321,лбище,0
1322,левак,0
1323,левит,0
1324,левша,5
1325,легат,3
1326,легаш,0
1327,ледок,8
1328,лежак,0
1329,лёжка,0
1330,лейка,22
1331,лемеш,0
1332,лемма,1
1333,лемур,0
1334,ленок,9
1335,лента,84
1336,ленто,0
1337,ленца,2
1338,лепет,0
1339,лепка,1
1340,лепра,3
1341,лепта,0
1342,лерка,0
1343,леска,16
1344,лесок,0
1345,лесть,9
1346,лётка,0
1347,леток,142
1348,летун,1
1349,лешак,0
1350,леший,1
1351,лещик,0
1352,лиана,32
1353,ливан,77
1354,ливер,10
1355,лидер,743
1356,лизин,1
1357,лизис,0
1358,лизол,0
1359,лизун,22
1360,ликёр,0
1361,лилея,0
1362,лилия,17
1363,лиман,1
1364,лимит,31
1365,лимон,4
1366,лимфа,0
1367,линёк,0
1368,линза,5
1369,линия,122
1370,липец,0
1371,липка,0
1372,липси,0
1373,лирик,7
1374,лиска,3
1375,литва,65
1376,литер,0
1377,литий,4
1378,лития,20
1379,литка,11
1380,литьё,0
1381,лихач,0
1382,лихва,0
1383,лицей,111
1384,лишай,0
1385,лишек,2
1386,лобан,0
1387,лобби,3
1388,лобик,0
1389,лобок,0
1390,ловец,6
1391,ловля,3
1392,логик,0
1393,лодка,61
1394,ложка,9
1395,ложок,0
1396,локон,8
1397,ломик,0
1398,ломка,8
1399,лонжа,0
1400,лопух,0
1401,лоток,17
1402,лотос,10
1403,лохмы,0
1404,лоция,0
1405,лошак,4
1406,лубок,1
1407,лужок,0
1408,лузга,0
1409,лунит,0
1410,лунка,0
1411,лупка,0
1412,лучик,1
1413,лучок,1
1414,лыжня,2
1415,лысун,1
1416,лытка,0
1417,лычко,0
1418,льяло,0
1419,любка,0
1420,люнет,1
1421,люпин,0
1422,люпус,0
1423,люрик,0
1424,лютик,0
1425,лютня,0
1426,люффа,0
1427,лючок,1
1428,лягва,0
1429,ляжка,1
1430,лямка,0
1431,ляпис,0
1432,лярва,0
1433,ляссе,0
1434,ляшка,0
1435,магик,0
1436,магия,9
1437,магма,0
1438,мадам,7
1439,маета,0
1440,мажор,6
1441,мазар,0
1442,мазер,0
1443,мазик,0
1444,мазка,2
1445,мазло,0
1446,мазня,0
1447,мазок,17
1448,мазур,0
1449,мазут,1
1450,майер,44
1451,майка,54
1452,майна,0
1453,майор,72
1454,макао,161
1455,макет,14
1456,макса,13
1457,макси,2
1458,малёк,0
1459,малец,1
1460,малик,6
1461,малка,1
1462,малый,85
1463,малыш,22
1464,мальё,0
1465,маляр,0
1466,маман,1
1467,мамба,0
1468,мамбо,0
1469,мамка,1
1470,манго,8
1471,манеж,2
1472,манер,6
1473,мание,1208
1474,мания,634
1475,манка,9
1476,манко,0
1477,манна,13
1478,манок,3
1479,манси,0
1480,манто,1
1481,манул,9
1482,маори,0
1483,марал,0
1484,маран,7
1485,марго,10
1486,марка,76
1487,марля,3
1488,маска,213
1489,масло,49
1490,масон,0
1491,масса,73
1492,масть,0
1493,матка,1
1494,матюг,0
1495,матюк,0
1496,мафия,6
1497,махан,0
1498,махра,1
1499,мачта,0
1500,медик,71
1501,медок,0
1502,медяк,0
1503,мезга,0
1504,мезон,0
1505,мекка,0
1506,мелок,0
1507,мелос,0
1508,менка,48
1509,мерин,0
1510,мерка,1
1511,месса,1
1512,место,2023
1513,месть,21
1514,месье,0
1515,месяц,633
1516,метан,4
1517,метил,3756
1518,метис,0
1519,метка,42
1520,мётка,0
1521,метла,0
1522,метод,133
1523,метол,0
1524,метро,373
1525,меццо,0
1526,мечта,9
1527,мешок,9
1528,мигач,0
1529,мидия,0
1530,мизер,1
1531,микст,0
1532,милка,1
1533,милок,0
1534,мильт,0
1535,мимик,0
1536,минёр,0
1537,минор,3
1538,минус,173
1539,миома,0
1540,мираб,1
1541,мираж,3
1542,мирза,0
1543,мирок,2
1544,мирон,0
1545,мирра,0
1546,мирта,0
1547,миска,2
1548,митоз,0
1549,митра,2
1550,мишка,3
1551,мишук,0
1552,млеко,0
1553,могар,0
1554,могол,0
1555,модий,0
1556,модус,0
1557,мойва,0
1558,мойка,2
1559,мойра,0
1560,мокко,1
1561,мокой,0
1562,мокша,1
1563,молва,4
1564,молвь,0
1565,молка,0
1566,молот,3
1567,молох,0
1568,молян,0
1569,моляр,0
1570,монах,23
1571,мопед,1
1572,морда,3
1573,мороз,40
1574,морок,7
1575,морцо,0
1576,моряк,18
1577,мосол,0
1578,мосье,0
1579,мотет,0
1580,мотив,31
1581,мотка,1
1582,мотня,0
1583,моток,0
1584,мотор,36
1585,мотто,0
1586,мохер,0
1587,мохна,0
1588,мохны,0
1589,мочка,2
1590,мошка,0
1591,мошна,0
1592,мразь,3
1593,муаре,0
1594,мужик,5
1595,музга,0
1596,музей,239
1597,мулат,0
1598,мулла,6
1599,муляж,4
1600,мумиё,0
1601,мумия,8
1602,мураш,0
1603,мурза,0
1604,мурин,3
1605,мурло,0
1606,мурья,6
1607,мусор,98
1608,мутон,0
1609,муфта,0
1610,муфти,0
1611,муцин,0
1612,мучка,0
1613,мушар,0
1614,мушка,0
1615,мымра,0
1616,мысик,0
1617,мысль,63
1618,мысок,0
1619,мытьё,0
1620,мычка,0
1621,мышей,62
1622,мышка,2
1623,мышца,1
1624,мэрия,62
1625,мюзет,0
1626,мюрид,0
1627,мякиш,1
1628,мялка,0
1629,мямля,0
1630,мянда,0
1631,мясцо,0
1632,мятеж,17
1633,мятьё,0
1634,набат,0
1635,набег,1
1636,набоб,0
1637,набор,110
1638,навал,39
1639,навар,1
1640,навес,6
1641,навет,0
1642,навис,3
1643,навоз,0
1644,навой,2
1645,навык,12
1646,наган,2
1647,нагар,2
1648,нагиб,0
1649,нагон,0
1650,нагул,0
1651,надел,13
1652,надир,2
1653,надой,20
1654,надув,0
1655,наезд,14
1656,нажиг,0
1657,нажим,0
1658,нажин,0
1659,назём,0
1660,наказ,2
1661,накал,6
1662,накат,1
1663,накол,0
1664,накра,0
1665,налеп,0
1666,налёт,0
1667,налив,0
1668,налим,0
1669,налог,137
1670,налой,0
1671,намаз,13
1672,намёк,1
1673,намёт,0
1674,намин,0
1675,намол,0
1676,намыв,0
1677,нанду,1
1678,нанка,1
1679,нанос,1
1680,напев,0
1681,напой,3
1682,напор,1
1683,нарез,0
1684,народ,224
1685,нарта,0
1686,нарыв,2
1687,наряд,57
1688,насад,0
1689,насос,3
1690,насып,0
1691,натёк,0
1692,натёс,0
1693,натяг,0
1694,наука,51
1695,нафта,1
1696,нахал,0
1697,наход,0
1698,нация,129
1699,начёс,0
1700,начёт,0
1701,начин,0
1702,наяда,0
1703,невер,0
1704,невод,0
1705,негус,0
1706,недра,6
1707,недуг,3
1708,немая,0
1709,немец,8
1710,немка,1
1711,ненец,0
1712,ненка,3
1713,нерка,33
1714,нерпа,0
1715,нетяг,0
1716,нефть,655
1717,нечет,0
1718,нивка,1
1719,низка,1
1720,низок,6
1721,никто,891
1722,нилот,0
1723,нимфа,0
1724,нитка,2
1725,ничто,39
1726,ничья,13
1727,нищая,0
1728,новик,15
1729,новое,391
1730,ножик,0
1731,ножка,2
1732,ножны,0
1733,нойон,0
1734,нолик,0
1735,номад,0
1736,номер,320
1737,нонет,0
1738,нория,0
1739,норка,0
1740,норма,70
1741,норов,26
1742,носач,0
1743,носик,2
1744,носка,5
1745,носок,6
1746,нотис,0
1747,нотка,0
1748,ночка,9
1749,нудга,0
1750,нужда,0
1751,нукер,0
1752,нулик,0
1753,нутро,0
1754,нырец,0
1755,нырок,0
1756,нытик,1
1757,нытьё,0
1758,нюанс,3
1759,оазис,2
1760,обвал,71
1761,обвес,0
1762,обвод,5
1763,обвоз,0
1764,обгон,0
1765,обдел,0
1766,обдир,0
1767,обдув,0
1768,обжиг,0
1769,обжим,0
1770,обжин,0
1771,обжог,0
1772,обзор,17
1773,обида,3
1774,обкат,0
1775,обком,2
1776,обкос,0
1777,облёт,0
1778,облик,23
1779,облов,1
1780,облог,4
1781,облом,0
1782,обман,17
1783,обмен,242
1784,обмер,0
1785,обмёт,0
1786,обмин,0
1787,обмол,0
1788,обмыв,0
1789,обнос,0
1790,ободь,0
1791,образ,208
1792,обрат,2
1793,обрез,9
1794,оброк,0
1795,обруб,0
1796,обруч,0
1797,обрыв,1
1798,обряд,16
1799,обсев,0
1800,обувь,71
1801,обуза,0
1802,обход,38
1803,обчёт,0
1804,общее,1175
1805,объём,9
1806,обыск,46
1807,овраг,2
1808,овсец,0
1809,овсюг,0
1810,овчар,0
1811,огонь,315
1812,огрех,0
1813,одёжа,0
1814,одурь,0
1815,ожина,43
1816,озеро,56
1817,озимь,0
1818,озноб,14
1819,ойрот,0
1820,океан,50
1821,окись,0
1822,окиян,0
1823,оклад,134
1824,оклик,0
1825,окоём,0
1826,окрас,10
1827,окрик,0
1828,окрол,0
1829,округ,700
1830,октет,0
1831,окунь,1
1832,олеин,0
1833,олень,13
1834,олеум,0
1835,олива,15
1836,олимп,1
1837,олифа,0
1838,олово,1
1839,ольха,0
1840,омега,0
1841,омела,1
1842,омлет,3
1843,омуль,0
1844,онагр,0
1845,оникс,0
1846,онуча,0
1847,опала,209
1848,опара,0
1849,опека,8
1850,опера,115
1851,опись,12
1852,опиум,1
1853,оплот,1
1854,оплыв,0
1855,опоек,0
1856,опока,0
1857,опора,11
1858,опрос,1841
1859,оптик,44
1860,орава,1
1861,орала,2
1862,орало,0
1863,орарь,0
1864,орган,135
1865,оргия,49
1866,орден,35
1867,ордер,12
1868,ореол,4
1869,оржад,0
1870,оркан,0
1871,орлан,0
1872,орлец,0
1873,орлик,0
1874,орляк,0
1875,оршад,0
1876,осада,17
1877,осень,39
1878,осётр,0
1879,осина,11
1880,оскал,0
1881,ослик,0
1882,осляк,0
1883,осман,5
1884,осмий,0
1885,осмол,0
1886,осмос,267
1887,особа,42
1888,особь,6
1889,осоед,0
1890,осока,1
1891,остит,11
1892,остов,104
1893,остюк,0
1894,остяк,3
1895,осыпь,0
1896,отава,0
1897,отара,1
1898,отбив,1
1899,отбой,0
1900,отбор,37
1901,отвал,1
1902,отвар,1
1903,отвес,0
1904,ответ,856
1905,отвод,17
1906,отвоз,0
1907,отгиб,0
1908,отгон,0
1909,отгул,2
1910,отдел,75
1911,отдух,0
1912,отдых,125
1913,отель,52
1914,отжиг,2
1915,отжим,0
1916,отзол,0
1917,отзыв,30
1918,отказ,253
1919,откат,1
1920,откол,0
1921,откос,7
1922,откуп,1
1923,откус,0
1924,отлёт,0
1925,отлив,1
1926,отлов,8
1927,отлог,0
1928,отлуп,0
1929,отмах,0
1930,отмол,0
1931,относ,0
1932,отпад,1
1933,отпал,0
1934,отпор,18
1935,отрез,3
1936,отрог,1
1937,отрок,8
1938,отруб,0
1939,отрыв,12
1940,отряд,77
1941,отсев,0
1942,отсек,26
1943,отсос,0
1944,отток,33
1945,отход,8
1946,отцеп,0
1947,отчал,0
1948,отчёт,7
1949,отчим,5
1950,отъём,0
1951,офеня,0
1952,офорт,0
1953,офсет,0
1954,охват,25
1955,охота,18
1956,очерк,5
1957,ошеек,0
1958,ошкуй,0
1959,ощупь,4
1960,падеж,1
1961,падёж,0
1962,падог,0
1963,падуб,0
1964,падун,0
1965,пайва,0
1966,пайза,0
1967,пайка,13
1968,пакет,202
1969,пакля,0
1970,палас,1
1971,палач,1
1972,палаш,0
1973,палех,0
1974,палец,40
1975,палея,0
1976,палия,0
1977,палка,10
1978,палуб,0
1979,пампа,0
1980,панаш,0
1981,панёр,0
1982,панна,0
1983,панно,4
1984,панты,7
1985,панье,0
1986,панья,1
1987,папах,0
1988,папеж,3
1989,папка,2
1990,парад,163
1991,параф,0
1992,парез,2
1993,парик,3
1994,пария,0
1995,парка,307
1996,парня,24
1997,парок,0
1998,паром,4
1999,парта,0
2000,парун,0
2001,парус,1
2002,парча,0
2003,парша,0
2004,пасма,0
2005,пасмо,0
2006,паста,5
2007,пасть,320
2008,пасха,29
2009,пасюк,0
2010,патан,0
2011,патер,0
2012,патио,1
2013,патлы,0
2014,патуа,0
2015,пауза,16
2016,пафос,4
2017,пахви,0
2018,пахвы,0
2019,пахит,0
2020,пахта,0
2021,пацан,1
2022,пачка,4
2023,пашня,0
2024,паяло,0
2025,певец,170
2026,певун,0
2027,пегаш,0
2028,пекан,0
2029,пекло,0
2030,пемза,0
2031,пенал,2
2032,пенёк,0
2033,пение,38
2034,пенис,6
2035,пенка,0
2036,пенни,5
2037,пенье,0
2038,пеньё,0
2039,пепел,6
2040,пепси,1
2041,перга,0
2042,перёд,3
2043,перец,7
2044,пёрка,0
2045,перло,1
2046,перси,3
2047,перст,0
2048,перье,0
2049,песец,0
2050,пёсик,0
2051,песнь,3
2052,песня,120
2053,песок,14
2054,петит,12
2055,петля,0
2056,петух,0
2057,печка,10
2058,пешец,0
2059,пешка,5
2060,пешня,0
2061,пещер,4
2062,пещур,0
2063,пиала,0
2064,пиано,32
2065,пивко,1
2066,пигус,0
2067,пижма,0
2068,пижон,0
2069,пиита,0
2070,пикан,1
2071,пикап,12
2072,пикёр,0
2073,пикет,29
2074,пикон,0
2075,пикша,0
2076,пилав,0
2077,пилат,0
2078,пилка,1
2079,пилон,0
2080,пилот,115
2081,пиния,0
2082,пинна,0
2083,пинок,2
2084,пинта,0
2085,пипка,0
2086,пират,0
2087,пирит,0
2088,пирке,0
2089,пирог,13
2090,пирок,0
2091,пироп,0
2092,писец,4
2093,питок,38
2094,питон,6
2095,питьё,2
2096,пифос,0
2097,пихта,0
2098,пицца,14
2099,пищик,0
2100,плавь,2
2101,пламя,27
2102,пласт,7
2103,плата,219
2104,плато,83
2105,плаун,0
2106,плаха,0
2107,плебс,0
2108,плева,1
2109,плеер,3
2110,племя,3
2111,плена,31
2112,плеск,32
2113,плёсо,0
2114,плеть,1
2115,плечо,14
2116,плешь,0
2117,плита,4
2118,плица,1
2119,плоть,208
2120,плохо,345
2121,плюха,0
2122,пнище,0
2123,побег,35
2124,побои,20
2125,повал,2
2126,повар,43
2127,повет,0
2128,повод,78
2129,повой,89
2130,погиб,476
2131,погон,3
2132,подий,0
2133,подог,0
2134,подой,0
2135,подол,1
2136,поедь,0
2137,поезд,95
2138,пожар,379
2139,пожня,0
2140,пожог,0
2141,позём,0
2142,позёр,0
2143,позор,7
2144,позыв,0
2145,позык,0
2146,пойка,1
2147,пойло,0
2148,пойма,1
2149,поиск,110
2150,показ,98
2151,покат,0
2152,покер,1
2153,покой,14
2154,покос,0
2155,покус,0
2156,полба,0
2157,полёт,17
2158,полив,0
2159,полип,0
2160,полис,43
2161,полка,71
2162,полог,5
2163,полоз,1
2164,полой,5
2165,полок,8
2166,полом,20
2167,полон,8
2168,полюс,14
2169,поляк,1
2170,поляш,0
2171,помёт,0
2172,помин,0
2173,помои,0
2174,помол,0
2175,помор,0
2176,помпа,0
2177,понос,0
2178,пончо,0
2179,понюх,0
2180,попас,0
2181,попик,0
2182,попка,1
2183,попса,1
2184,порез,1
2185,порей,0
2186,порка,4
2187,порог,42
2188,порок,5
2189,порох,3
2190,порто,0
2191,поруб,0
2192,порча,4
2193,порыв,1
2194,посад,13
2195,посев,0
2196,посол,282
2197,посох,2
2198,посул,0
2199,посыл,8
2200,поташ,0
2201,потёк,0
2202,потир,0
2203,поток,276
2204,потоп,0
2205,потяг,0
2206,поход,54
2207,почва,10
2208,почёт,0
2209,почин,2
2210,почка,43
2211,почта,42
2212,пошиб,0
2213,пошив,4
2214,поэма,7
2215,право,744
2216,праща,0
2217,прель,95
2218,пресс,84
2219,приём,11
2220,прима,1
2221,принц,134
2222,приор,0
2223,причт,0
2224,приют,58
2225,проба,11
2226,проём,0
2227,проза,4
2228,пропс,0
2229,просо,3
2230,проух,0
2231,профи,3
2232,прусс,0
2233,прыск,1
2234,прыть,0
2235,прядь,2
2236,пряжа,0
2237,пряха,0
2238,псарь,1
2239,псина,1
2240,псица,0
2241,псише,0
2242,птаха,1
2243,птица,22
2244,пуант,2
2245,пугач,0
2246,пудик,0
2247,пудра,1
2248,пузан,0
2249,пукля,0
2250,пульс,30
2251,пульт,12
2252,пунец,0
2253,пункт,246
2254,пупок,0
2255,пурга,0
2256,пурин,0
2257,пурка,0
2258,пусто,6
2259,путец,0
2260,путик,0
2261,пуфик,0
2262,пучка,3
2263,пучок,3
2264,пушка,27
2265,пушок,0
2266,пчела,0
2267,пшено,1
2268,пыжик,0
2269,пырей,1
2270,пытка,134
2271,пышка,225
2272,пьеза,0
2273,пьеса,13
2274,пялка,0
2275,пясть,0
2276,пятак,0
2277,пятка,0
2278,пятно,12
2279,пяток,1
2280,радар,8
2281,раджа,55
2282,радий,11
2283,радио,827
2284,радон,3
2285,разик,0
2286,разок,1
2287,разор,0
2288,разум,9
2289,раина,508
2290,район,230
2291,ракия,0
2292,ракша,0
2293,рамка,3
2294,рампа,1219
2295,ранет,0
2296,ранец,28
2297,ранка,9
2298,растр,0
2299,ратай,0
2300,ратин,3
2301,раунд,28
2302,рафия,136
2303,рахит,3
2304,рацея,0
2305,рация,1091
2306,рачок,2
2307,рвань,0
2308,рвота,9
2309,рдест,0
2310,ребаб,0
2311,ребро,15
2312,ребус,1
2313,ревун,0
2314,регби,1
2315,редан,60
2316,редис,2
2317,редут,1
2318,режим,1549
2319,резак,0
2320,резец,0
2321,резка,12
2322,резня,9
2323,резон,2
2324,рейка,14
2325,рельс,1
2326,ремез,1
2327,ремиз,0
2328,ренет,0
2329,рений,148
2330,рента,18
2331,репей,0
2332,репер,1
2333,репка,1
2334,репьё,0
2335,речка,14
2336,решка,0
2337,ржавь,0
2338,ржица,0
2339,ржище,1
2340,ризки,0
2341,рикша,0
2342,ринит,0
2343,рипус,0
2344,риска,255
2345,ритор,0
2346,рифма,0
2347,ришта,0
2348,робот,24
2349,ровик,7
2350,ровня,619
2351,рогач,0
2352,рогоз,0
2353,родий,1
2354,родич,1
2355,родня,1
2356,рожак,0
2357,рожок,2
2358,рожон,0
2359,розан,0
2360,розга,0
2361,рознь,4
2362,ройба,0
2363,ройка,61
2364,рокер,5
2365,рокот,9
2366,ролик,336
2367,роман,306
2368,ромец,0
2369,ромок,1
2370,ромша,0
2371,рондо,1
2372,ронжа,0
2373,ропак,0
2374,ропот,0
2375,ростр,0
2376,ротик,1
2377,роток,12
2378,ротор,0
2379,рохля,0
2380,рояль,5
2381,ртище,0
2382,ртуть,10
2383,рубеж,126
2384,рубец,1
2385,рубин,2
2386,рубка,9
2387,рубль,90
2388,ругня,0
2389,рудяк,0
2390,ружьё,3
2391,руина,0
2392,рукав,3
2393,рулет,0
2394,рулон,2
2395,румба,0
2396,румын,1
2397,рупия,0
2398,рупор,1
2399,русак,0
2400,русин,0
2401,русло,25
2402,рутил,5
2403,ручей,6
2404,ручка,44
2405,рыбак,14
2406,рыбец,0
2407,рыбка,3
2408,рывок,26
2409,рыжак,2
2410,рыжик,1
2411,рында,0
2412,рынок,410
2413,рысак,0
2414,рысца,0
2415,рытьё,0
2416,рычаг,3
2417,рэкет,0
2418,рюмка,0
2419,рюшка,0
2420,рябец,0
2421,рябик,0
2422,рябок,0
2423,рядно,6
2424,рядок,320
2425,ряска,0
2426,рясна,0
2427,саами,0
2428,сабан,0
2429,сабеи,0
2430,сабей,0
2431,сабза,0
2432,сабля,0
2433,сабур,0
2434,саван,0
2435,сагиб,0
2436,садик,9
2437,садно,1
2438,садок,17
2439,сазан,0
2440,сайга,0
2441,сайда,2
2442,сайка,0
2443,сайра,0
2444,саква,0
2445,сакля,0
2446,салат,22
2447,салма,1
2448,салол,0
2449,салон,47
2450,салоп,0
2451,салют,42
2452,саман,0
2453,самба,1
2454,самбо,10
2455,самец,12
2456,самка,26
2457,самум,0
2458,санки,0
2459,сапёр,0
2460,сапка,0
2461,сапог,3
2462,сапун,0
2463,сарай,5
2464,саржа,0
2465,сарыч,0
2466,сатин,1
2467,сатир,0
2468,сауна,2
2469,сахар,122
2470,сачок,0
2471,сбора,119
2472,сброд,0
2473,сброс,9
2474,сбруя,0
2475,свара,0
2476,сваха,0
2477,свеча,3
2478,свиль,0
2479,свист,0
2480,свита,0
2481,свора,1
2482,свояк,0
2483,связа,0
2484,связь,337
2485,сглаз,0
2486,сдача,15
2487,сдвиг,13
2488,сдоба,0
2489,сеанс,11
2490,севба,0
2491,север,59
2492,севок,0
2493,седло,1
2494,седок,4
2495,сеево,0
2496,сезам,0
2497,сезон,245
2498,сейид,0
2499,сейша,0
2500,секач,0
2501,секта,1
2502,селен,5
2503,селин,5
2504,сёмга,0
2505,семит,0
2506,семья,350
2507,сенат,131
2508,сенцо,0
2509,сенцы,4
2510,сепия,0
2511,серия,86
2512,серка,1
2513,серко,0
2514,серна,0
2515,серсо,0
2516,серум,0
2517,сетка,0
2518,сеунч,0
2519,сечка,0
2520,сиаль,0
2521,сивая,39
2522,сивер,0
2523,сивка,0
2524,сивко,0
2525,сивуч,0
2526,сигма,0
2527,сидор,1
2528,сиена,0
2529,сижок,0
2530,сизяк,0
2531,силач,0
2532,силка,0
2533,силок,2
2534,силон,0
2535,силос,0
2536,силур,0
2537,сильф,0
2538,симка,0
2539,синап,0
2540,синец,0
2541,синод,31
2542,синус,0
2543,синяк,1
2544,синяя,14
2545,сипай,0
2546,сирен,2
2547,сирин,1
2548,сироп,3
2549,систр,0
2550,ситар,0
2551,ситец,0
2552,ситро,0
2553,ситце,0
2554,сифон,0
2555,скала,37
2556,скало,6
2557,скань,0
2558,скарб,0
2559,скарн,0
2560,скаут,2
2561,скачь,0
2562,сквер,18
2563,скейт,0
2564,скена,0
2565,скепт,0
2566,скетч,3
2567,скирд,0
2568,склад,42
2569,склеп,1
2570,склиз,0
2571,склон,2
2572,скоба,0
2573,скопа,82
2574,скора,0
2575,скорм,0
2576,скотч,3
2577,скрап,0
2578,скреп,0
2579,скрип,1
2580,скуди,0
2581,скудо,0
2582,скука,3
2583,скула,0
2584,скунс,0
2585,слава,209
2586,слайд,1
2587,слань,0
2588,слега,0
2589,слеза,0
2590,сленг,0
2591,слива,5
2592,слизь,1
2593,слово,159
2594,слуга,116
2595,слуда,0
2596,слука,0
2597,слюда,0
2598,слюна,1
2599,смазь,0
2600,смена,262
2601,смерд,0
2602,смерч,3
2603,смесь,52
2604,смета,2
2605,смола,0
2606,смоль,0
2607,смотр,149
2608,смрад,0
2609,смута,1
2610,смуть,0
2611,смысл,104
2612,снедь,0
2613,сноха,0
2614,сныть,1
2615,собор,95
2616,совет,644
2617,совик,0
2618,совка,20
2619,совок,28
2620,согды,0
2621,согра,0
2622,содом,0
2623,созыв,6
2624,сойка,0
2625,сойма,0
2626,сойот,0
2627,сокол,3
2628,солея,0
2629,солка,0
2630,солод,1
2631,соляр,0
2632,сомик,0
2633,сомье,0
2634,сонет,0
2635,сопка,4
2636,сопло,0
2637,сопля,0
2638,сопун,0
2639,сорго,0
2640,сорит,0
2641,сорок,58
2642,сором,52
2643,сорус,0
2644,сосед,38
2645,сосец,0
2646,соска,0
2647,сосна,1
2648,сосок,5
2649,сосуд,6
2650,сосун,0
2651,сотая,0
2652,сотка,3
2653,сотня,1
2654,софит,0
2655,сохач,0
2656,сошка,0
2657,спазм,7
2658,спесь,1
2659,спина,7
2660,спирт,21
2661,спица,0
2662,сплав,7
2663,сплин,0
2664,спора,32
2665,спорт,466
2666,спрей,6
2667,спрос,380
2668,спрут,1
2669,спурт,0
2670,спуск,20
2671,среда,38
2672,ссора,120
2673,ссуда,0
2674,стадо,16
2675,сталь,7
2676,станс,1
2677,старт,145
2678,старь,0
2679,стать,963
2680,ствол,12
2681,створ,17
2682,стега,0
2683,стезя,0
2684,стека,0
2685,стела,23
2686,стена,20
2687,стенд,2
2688,стень,0
2689,степс,0
2690,степь,0
2691,стило,63
2692,стиль,48
2693,стоик,0
2694,столб,21
2695,столп,1
2696,стопа,3
2697,стояк,2
2698,страж,2
2699,страз,2
2700,страх,90
2701,стриж,0
2702,строй,216
2703,строп,0
2704,струг,0
2705,струп,0
2706,струя,2
2707,стужа,0
2708,ступь,0
2709,стыдь,0
2710,стынь,5
2711,суаре,1
2712,судак,4
2713,судно,292
2714,судок,3
2715,судья,173
2716,суета,3
2717,сукно,1
2718,сулея,0
2719,сулой,3
2720,сумка,9
2721,сумма,284
2722,супер,5
2723,супец,0
2724,супин,0
2725,суржа,0
2726,сурик,0
2727,сурна,0
2728,сурок,0
2729,сусак,0
2730,сусек,0
2731,сусло,0
2732,сутаж,0
2733,сутки,2296
2734,суфле,2
2735,сучок,0
2736,сучьё,0
2737,сушка,5
2738,сфера,96
2739,схема,68
2740,схима,0
2741,сцена,32
2742,съезд,57
2743,сынок,1
2744,сыпец,0
2745,сырец,1
2746,сырок,2
2747,сырть,0
2748,сырца,0
2749,сырьё,1
2750,сычуг,0
2751,сыщик,7
2752,сюжет,81
2753,сюита,1
2754,сябёр,0
2755,сяжок,0
2756,табак,61
2757,табло,35
2758,табор,0
2759,табун,1
2760,тавот,0
2761,тавро,0
2762,таган,0
2763,тазик,0
2764,тайга,2
2765,тайна,21
2766,такса,4
2767,такси,171
2768,такыр,0
2769,талер,2
2770,талес,0
2771,талик,2
2772,талия,250
2773,талон,14
2774,талыш,0
2775,тальк,0
2776,тамга,0
2777,танго,2
2778,танец,49
2779,танин,12
2780,танок,8
2781,тапёр,0
2782,тапир,0
2783,тапка,0
2784,таран,11
2785,тариф,45
2786,тарын,0
2787,таска,0
2788,татка,34
2789,тафта,0
2790,тафья,0
2791,тахта,1
2792,тацет,0
2793,тачка,1
2794,ташка,0
2795,тварь,4
2796,твист,0
2797,театр,618
2798,тезис,15
2799,тёзка,0
2800,теизм,1
2801,теист,0
2802,текст,341
2803,телец,3
2804,телик,3
2805,тёлка,0
2806,телок,1
2807,тембр,1
2808,темка,0
2809,тенёк,0
2810,тенор,5
2811,тепло,78
2812,терем,0
2813,тёрка,0
2814,термы,1
2815,терно,28
2816,тесак,0
2817,тёска,0
2818,тесло,0
2819,тесто,9
2820,тесть,0
2821,тётка,0
2822,теург,0
2823,течка,41
2824,тёшка,0
2825,тиара,0
2826,тигра,40
2827,тимол,0
2828,типаж,2
2829,типец,0
2830,типик,0
2831,типун,0
2832,тираж,11
2833,тиран,4
2834,тиски,4
2835,титан,1
2836,титло,0
2837,титул,44
2838,тифон,0
2839,тифус,0
2840,ткань,31
2841,тлень,0
2842,товар,65
2843,тодес,3
2844,тойон,0
2845,токай,0
2846,толай,0
2847,толпа,76
2848,толща,0
2849,томан,0
2850,томат,32
2851,томик,0
2852,тондо,0
2853,тоник,0
2854,тонна,1
2855,тонус,10
2856,топаз,0
2857,топик,0
2858,топка,1
2859,топор,11
2860,топот,0
2861,торба,0
2862,торец,1
2863,торий,464
2864,торит,16
2865,торос,0
2866,тоска,5
2867,тотем,0
2868,тохар,0
2869,точка,83
2870,трава,10
2871,тракт,277
2872,транс,44
2873,транш,14
2874,трапп,0
2875,трасс,16
2876,трата,19
2877,траур,14
2878,треба,1
2879,трель,1
2880,треск,2
2881,трест,0
2882,треть,1073
2883,треух,0
2884,трефа,0
2885,триас,0
2886,триба,0
2887,триер,23
2888,трико,2
2889,триод,0
2890,тромб,8
2891,тромп,0
2892,тропа,17
2893,труба,8
2894,труха,0
2895,трюмо,0
2896,туаль,0
2897,тубус,0
2898,тугай,0
2899,тугун,0
2900,тузик,1
2901,тукан,0
2902,тулес,0
2903,тулий,0
2904,тулуз,0
2905,тулук,0
2906,тулун,8
2907,тулуп,2
2908,тулья,15
2909,тумак,0
2910,туман,13
2911,тумба,1
2912,тунец,2
2913,тупей,0
2914,тупец,0
2915,тупик,9
2916,турач,0
2917,турка,0
2918,турне,21
2919,турок,14
2920,тутор,0
2921,тутти,0
2922,туфля,0
2923,тучка,0
2924,тушка,6
2925,тщета,0
2926,тыква,1
2927,тынок,0
2928,тырло,0
2929,тырса,0
2930,тычок,0
2931,тюбик,1
2932,тюник,0
2933,тюрбе,0
2934,тюрбо,0
2935,тюрик,0
2936,тютюн,0
2937,тюфяк,0
2938,тючок,0
2939,тябло,0
2940,тягач,3
2941,тягло,0
2942,тяжба,3
2943,тяпка,0
2944,уазик,0
2945,уброд,0
2946,убрус,2
2947,убыль,18
2948,увраж,0
2949,угода,58
2950,уголь,35
2951,угорь,1
2952,угрев,0
2953,удаль,0
2954,удача,26
2955,удерж,0
2956,удило,54
2957,удэге,0
2958,удэхе,0
2959,узбек,0
2960,узина,8
2961,узник,2
2962,уйгур,0
2963,уклад,9
2964,уклея,0
2965,уклон,0
2966,укроп,3
2967,укрюк,0
2968,уксус,1
2969,улика,6
2970,улита,0
2971,улица,84
2972,улыба,0
2973,умбра,0
2974,умище,0
2975,умник,0
2976,умора,0
2977,униат,0
2978,уника,0
2979,унион,0
2980,унтер,2
2981,унция,3
2982,упрёк,0
2983,упырь,0
2984,ураза,3
2985,урема,0
2986,урина,40
2987,урман,15
2988,усина,3
2989,усище,0
2990,ускок,0
2991,успех,118
2992,устав,35
2993,устой,39
2994,уступ,0
2995,устье,14
2996,утеря,0
2997,утеха,2
2998,утиль,1
2999,утица,2
3000,ухарь,0
3001,ухват,0
3002,ухожь,0
3003,учёба,0
3004,ушица,2
3005,ушкан,0
3006,ушкуй,0
3007,ушник,0
3008,ущерб,270
3009,фабра,0
3010,фавор,0
3011,фавус,0
3012,фагот,0
3013,фадом,0
3014,фазан,0
3015,фазис,0
3016,факел,1
3017,факир,0
3018,фалда,0
3019,фальц,1
3020,фанат,8
3021,фарад,0
3022,фарси,8
3023,фасад,15
3024,фасет,0
3025,фаска,0
3026,фасон,0
3027,фатум,0
3028,фатюй,0
3029,фауна,1
3030,фация,0
3031,фаянс,0
3032,фелон,0
3033,фенол,0
3034,ферзь,0
3035,ферма,7
3036,феска,0
3037,фетиш,0
3038,фетюк,0
3039,фиакр,0
3040,фибра,0
3041,фижмы,0
3042,физик,17
3043,физия,0
3044,фикус,1
3045,филей,3
3046,филёр,0
3047,филин,2
3048,фильм,604
3049,фильц,0
3050,фимоз,0
3051,финал,57
3052,финик,0
3053,финиш,0
3054,финка,0
3055,финна,2
3056,фиорд,0
3057,фирма,45
3058,фитин,2
3059,фишка,4
3060,фланг,3
3061,фланк,0
3062,флейт,0
3063,флейц,0
3064,флешь,0
3065,флинт,0
3066,флирт,0
3067,флокс,0
3068,флора,4
3069,флюид,0
3070,фляга,0
3071,фобия,4
3072,фокус,9
3073,фолио,0
3074,фомка,0
3075,форма,262
3076,форте,3
3077,форум,114
3078,фоска,0
3079,фотон,0
3080,фофан,0
3081,фраер,0
3082,фраза,22
3083,франк,17
3084,франт,1
3085,фрахт,0
3086,фреза,0
3087,френч,0
3088,фронт,71
3089,фрукт,4
3090,фугас,2
3091,фужер,1
3092,фузея,0
3093,фукус,0
3094,фуляр,0
3095,фураж,0
3096,фурия,0
3097,фурма,0
3098,фурор,4
3099,футер,0
3100,футор,0
3101,фуфло,0
3102,фуэте,0
3103,фьорд,0
3104,фюрер,12
3105,хабар,3
3106,хаджи,25
3107,хадис,2
3108,хазар,0
3109,хайло,2
3110,хакас,0
3111,хакер,11
3112,халат,4
3113,халва,0
3114,халда,0
3115,халиф,0
3116,хамит,1
3117,хамка,0
3118,хамса,0
3119,хамьё,0
3120,ханжа,1
3121,ханша,0
3122,хапун,0
3123,харчо,0
3124,хасид,0
3125,хатка,0
3126,хашиш,0
3127,хвала,1
3128,хворь,1
3129,хвост,19
3130,хедер,0
3131,хедив,0
3132,херес,1
3133,херик,1
3134,хиазм,0
3135,хиляк,0
3136,химик,9
3137,химия,10
3138,хинди,2
3139,хинду,0
3140,хинин,0
3141,хиппи,1
3142,хитин,0
3143,хитон,0
3144,хи-хи,0
3145,хлёст,0
3146,хлупь,0
3147,хлыст,0
3148,хлюст,0
3149,хлябь,0
3150,хмара,0
3151,хмарь,0
3152,хмель,2
3153,хмурь,0
3154,хобби,19
3155,хобот,2
3156,ходок,12
3157,ходун,0
3158,холка,0
3159,холод,13
3160,холоп,0
3161,холст,3
3162,холуй,0
3163,хомут,0
3164,хомяк,0
3165,хорал,0
3166,хорда,0
3167,хорей,0
3168,хорёк,0
3169,хорея,0
3170,хохма,0
3171,хохол,1
3172,хохот,1
3173,хруст,4
3174,хряпа,0
3175,хряск,0
3176,хряст,0
3177,хунта,0
3178,хурал,1
3179,хурма,0
3180,хутор,1
3181,цадик,0
3182,цанга,1
3183,цапка,0
3184,цапля,1
3185,цапун,0
3186,цапфа,0
3187,царёк,0
3188,цацка,0
3189,цевка,0
3190,цевьё,0
3191,цедра,0
3192,цезий,1
3193,целик,1
3194,целое,15
3195,центр,873
3196,цехин,0
3197,цикля,0
3198,цинга,0
3199,циник,0
3200,циста,5
3201,цитра,0
3202,цифра,78
3203,цокот,0
3204,цукат,0
3205,цуцик,0
3206,цыбик,0
3207,цыган,10
3208,цыпка,0
3209,чабан,0
3210,чабер,0
3211,чабёр,0
3212,чадра,1
3213,чайка,9
3214,чакан,0
3215,чалка,0
3216,чалма,0
3217,чарка,7
3218,часик,0
3219,часок,1
3220,часть,1794
3221,чашка,2
3222,чебак,0
3223,чёбот,0
3224,чекан,0
3225,чёлка,0
3226,чемер,0
3227,чепан,0
3228,чепец,2
3229,черва,0
3230,червь,3
3231,черёд,0
3232,через,3170
3233,черен,0
3234,череп,7
3235,чернь,1
3236,черта,16
3237,чёска,0
3238,честь,429
3239,чётка,0
3240,чехол,4
3241,чечен,0
3242,чечет,0
3243,чешка,1
3244,чешуя,0
3245,чибис,12
3246,чижик,0
3247,чилим,0
3248,чинар,0
3249,чинка,6
3250,чирей,0
3251,чирик,0
3252,чирок,0
3253,чирус,0
3254,чиряк,0
3255,число,3889
3256,читка,0
3257,чомга,0
3258,чрево,0
3259,чреда,0
3260,чтиво,1
3261,чтица,0
3262,чубик,0
3263,чубук,0
3264,чувал,0
3265,чуваш,0
3266,чувяк,0
3267,чугун,1
3268,чудак,2
3269,чудик,0
3270,чужак,0
3271,чужая,5
3272,чужое,6
3273,чуйка,1
3274,чукча,0
3275,чулан,0
3276,чулок,2
3277,чумак,3
3278,чурек,0
3279,чурка,0
3280,чутьё,0
3281,чухна,0
3282,чушка,0
3283,шабат,0
3284,шабер,0
3285,шабёр,0
3286,шабли,0
3287,шабот,0
3288,шабур,0
3289,шавка,0
3290,шажок,0
3291,шайба,3
3292,шайка,1
3293,шакал,0
3294,шалаш,1
3295,шалон,2
3296,шалун,0
3297,шаман,6
3298,шамот,0
3299,шанец,0
3300,шанкр,0
3301,шапка,12
3302,шарик,3
3303,шасла,0
3304,шассе,0
3305,шасси,38
3306,шатен,0
3307,шатёр,0
3308,шатия,0
3309,шатун,0
3310,шафер,1
3311,шахта,7
3312,шашка,1
3313,шваль,0
3314,шванк,0
3315,шверт,0
3316,шевро,0
3317,шейка,1
3318,шелеп,0
3319,шелом,0
3320,шельф,4
3321,шемая,0
3322,шёпот,0
3323,шериф,8
3324,шибер,0
3325,шизик,0
3326,шиизм,0
3327,шимми,1
3328,шинок,0
3329,шипок,0
3330,шипун,0
3331,ширма,0
3332,шитво,0
3333,шитик,0
3334,шитьё,0
3335,шифер,2
3336,шифон,0
3337,шихта,0
3338,шишак,0
3339,шишка,1
3340,шкала,2
3341,шквал,6
3342,шкерт,0
3343,шкода,2
3344,школа,100
3345,шкура,4
3346,шланг,4
3347,шлейф,13
3348,шлица,0
3349,шлюха,2
3350,шляпа,3
3351,шмель,1
3352,шмоль,0
3353,шнапс,0
3354,шнека,0
3355,шнява,1
3356,шняка,0
3357,шорня,0
3358,шорох,1
3359,шоссе,97
3360,шофёр,0
3361,шпага,0
3362,шпала,0
3363,шпана,0
3364,шпиль,7
3365,шпион,9
3366,шпора,1
3367,шприц,5
3368,шпрот,0
3369,шпуля,0
3370,шпунт,0
3371,шпынь,0
3372,шримс,0
3373,шрифт,1
3374,штамб,0
3375,штамм,19
3376,штамп,10
3377,штаны,13
3378,штейн,127
3379,штиль,3
3380,штифт,0
3381,штора,1
3382,шторм,26
3383,штосс,0
3384,штраб,0
3385,штраф,254
3386,штрек,2
3387,штрих,1
3388,штука,14
3389,штурм,57
3390,штыка,0
3391,штырь,2
3392,шубка,0
3393,шугай,1
3394,шуйца,0
3395,шулер,0
3396,шумок,3
3397,шурин,0
3398,шурпа,0
3399,шуруп,0
3400,шуряк,0
3401,шутка,30
3402,шушун,0
3403,шхуна,2
3404,щебет,0
3405,щегол,0
3406,щёкот,0
3407,щёлка,0
3408,щёлок,0
3409,щенок,11
3410,щепка,0
3411,щепьё,0
3412,щерба,124
3413,щётка,0
3414,щёчка,0
3415,щипец,0
3416,щипка,0
3417,щипок,0
3418,щитик,0
3419,щиток,1
3420,щупик,0
3421,щурка,0
3422,щучка,0
3423,эвенк,0
3424,эгида,0
3425,эгрет,0
3426,эдикт,0
3427,экзот,0
3428,эклер,0
3429,экран,51
3430,элита,11
3431,эллин,0
3432,эмаль,3
3433,эммер,0
3434,энзим,0
3435,эолит,0
3436,эпика,0
3437,эпонж,0
3438,эпоха,18
3439,эрзац,2
3440,эркер,0
3441,эскиз,2
3442,эспри,1
3443,эстет,1
3444,этика,2
3445,этнос,2
3446,эфиоп,0
3447,эшарп,0
3448,югрич,0
3449,югурт,0
3450,юдоль,0
3451,юзист,0
3452,юкола,0
3453,юниор,0
3454,юница,0
3455,юнкер,0
3456,юнкор,0
3457,юннат,0
3458,юноша,15
3459,юрага,0
3460,юрист,125
3461,юферс,0
3462,ябеда,0
3463,ягель,0
3464,ягода,14
3465,ягуар,0
3466,яичко,0
3467,яишня,0
3468,якорь,6
3469,ямина,27
3470,ямища,0
3471,ямщик,0
3472,ярица,3
3473,ярлык,2
3474,яруга,0
3475,ярыга,0
3476,ясень,3
3477,яспис,0
3478,яство,0
3479,ястык,0
3480,ясырь,0
3481,ятовь,0
3482,яхонт,0
